{"(10, 0)": {"0": 130.00121654388576, "1": 67.94069901090604, "2": 395.3102390375092}, "(9, 0)": {"0": 491.0516573821396, "1": 312.61124123622056, "2": 208.02858702027942}, "(5, 0)": {"0": 88.97850433141505, "1": 298.7077240166858, "2": 32.434279486382025}, "(6, 0)": {"0": 26.018631981222406, "1": 184.5231184776928, "2": 35.349330554115774}, "(6, 1)": {"0": -5.931997875754545, "1": -5.355287624246647, "2": -5.525895883975501}, "(6, 7)": {"0": -0.7498398234222233, "1": -0.7492555336503134, "2": -0.999521927874765}, "(10, 1)": {"0": -28.96391249887128, "1": -4.035406845002476, "2": 49.86537124150673}, "(10, 7)": {"0": -1.4999065464128631, "1": -1.745586896763133, "2": -1.517287441271098}, "(6, 4)": {"0": 3.8224302621490494, "1": 170.41254029289212, "2": -21.16993623236688}, "(9, 2)": {"0": 17.28583889080855, "1": -40.810024584463385, "2": 165.8212302746167}, "(10, 2)": {"0": 13.868765140266646, "1": -24.594021087057506, "2": 287.44443975055094}, "(5, 4)": {"0": 63.50672030474401, "1": 12.752662281729847, "2": -15.630309540388044}, "(5, 2)": {"0": 40.96430391864156, "1": -7.2162582466232355, "2": 1.5640293961525993}, "(10, 4)": {"0": 58.053324528823126, "1": 3.3636931868314823, "2": -10.430044590098984}, "(9, 4)": {"0": 247.5541707441495, "1": 23.008236846586648, "2": -27.11424630721686}, "(6, 2)": {"0": 8.989795727917757, "1": -10.68232080161751, "2": 6.76277069373352}, "(9, 6)": {"0": 2.7435119104937593, "1": -0.6018386416589383, "2": -0.4938543462940529}, "(10, 3)": {"0": -5.182655926792744, "1": -3.4796529445096307, "2": 60.52502793939311}, "(10, 6)": {"0": 2.028403303488048, "1": -0.4497582411946161, "2": -0.24882819028275796}, "(6, 6)": {"0": -0.37659646639661326, "1": -0.9916955394086979, "2": -0.9990854135629503}, "(5, 6)": {"0": -0.0830519289647743, "1": -0.4074847706514645, "2": -0.5002445216621068}, "(6, 5)": {"0": -0.747394640898703, "1": 4.424633699081184, "2": -0.49964688211256814}, "(10, 5)": {"0": -1.4153454230128593, "1": 6.671733646732103, "2": -1.2421497080697437}, "(9, 3)": {"0": -0.677888688037454, "1": -0.24996474304426008, "2": 3.320615403850986}, "(9, 5)": {"0": -1.2126326792892952, "1": 28.19757543288401, "2": -0.9990682082569499}, "(6, 3)": {"0": -2.491640779667028, "1": -2.4910002302031513, "2": -2.3100598279184537}, "(5, 5)": {"0": -0.9908892355761405, "1": 15.20802170136004, "2": -0.24999887919434152}, "(5, 3)": {"0": -1.2405683037539994, "1": -0.25, "2": 3.2613213790042446}, "(9, 1)": {"0": -0.7240094962798457, "1": 5.726616701528662, "2": 0.20833743685215067}, "(9, 7)": {"0": -0.9998089717159279, "1": -1.2411637736735497, "2": -1.2478467519077716}, "(5, 7)": {"0": -0.49995868740548755, "1": -0.38994502781108503, "2": -0.2502475}, "(5, 1)": {"0": -0.500084056332073, "1": 1.8151806933280823, "2": 0}}